location_address,location_postal_code
"3600 Steeles Ave W, Vaughan, ON L4L 8P5",L4L 8P5
"20 Milner Business Ct, Scarborough, ON M1B 3M6",M1B 3M6
"4222 Kingston Rd, Toronto, ON M1E 2M6",M1E 2M6
"4540 Kingston Rd, Toronto, ON M1E 2N8",M1E 2N8
"4584 Kingston Rd, Scarborough, ON M1E 2P4",M1E 2P4
"4674 Kingston Rd, Toronto, ON M1E 2P9",M1E 2P9
"4117 Lawrence Ave E, Scarborough, ON M1E 2S2",M1E 2S2
"705 Progress Ave, Toronto, ON M1H 2X1",M1H 2X1
"50 Estate Dr, Scarborough, ON M1H 2Z1",M1H 2Z1
"3576 St Clair Ave E, Toronto, ON M1K 1M2",M1K 1M2
"702 Kennedy Rd, Toronto, ON M1K 2B5",M1K 2B5
"25 Mendelssohn St, Scarborough, ON M1L 0G8",M1L 0G8
"747 Warden Ave, Scarborough, ON M1L 4A1",M1L 4A1
"2685 Kingston Rd, Scarborough, ON M1M 1M4",M1M 1M4
"3306 Kingston Rd, Toronto, ON M1M 1P8",M1M 1P8
"150 Borough Dr, Toronto, ON M1P 4N7",M1P 4N7
"1229 Ellesmere Rd, Toronto, ON M1P 4V8",M1P 4V8
"22 Metropolitan Rd, Toronto, ON M1R 2T5",M1R 2T5
"2035 Kennedy Rd, Scarborough, ON M1T 3G2",M1T 3G2
"101 Placer Ct, Toronto, ON M2H 3H9",M2H 3H9
"55 Hallcrown Pl, North York, ON M2J 4R1",M2J 4R1
"185 Yorkland Blvd, North York, ON M2J 4R2",M2J 4R2
"3410 Bayview Ave, Toronto, ON M2M 3S3",M2M 3S3
"5800 Yonge St, North York, ON M2M 3T3",M2M 3T3
"15 Olive Ave, Toronto, ON M2N 4N4",M2N 4N4
"89 Church Ave., Toronto, ON M2N 6C9",M2N 6C9
"360 Lesmill Rd, Toronto, ON M3B 2T5",M3B 2T5
"1677 Wilson Ave, North York, ON M3L 1A5",M3L 1A5
"1651 Sheppard Ave W, Toronto, ON M3M 2X4",M3M 2X4
"25 Canterbury Pl, Toronto, ON M3N 0E3",M3N 0E3
"30 Norfinch Dr, North York, ON M3N 1X1",M3N 1X1
"66 Norfinch Dr, North York, ON M3N 1X1",M3N 1X1
"2714 Danforth Ave, Toronto, ON M4C 1L7",M4C 1L7
"1076 Pape Ave, Toronto, ON M4K 3W5",M4K 3W5
"1684 Queen St E, Toronto, ON M4L 1G6",M4L 1G6
"189B Booth Ave, Toronto, ON M4M 2M5",M4M 2M5
"126 Pape Ave, Toronto, ON M4M 2V8",M4M 2V8
"29A Leslie St, Toronto, ON M4M 3C3",M4M 3C3
"808 Mt Pleasant Rd, Toronto, ON M4P 2L2",M4P 2L2
"80 Woodlawn Ave E, Toronto, ON M4T 1C1",M4T 1C1
"525 Bloor St E, Toronto, ON M4W 1J1",M4W 1J1
"21 Park Rd, Toronto, ON M4W 2N1",M4W 2N1
"490 Sherbourne St, Toronto, ON M4X 1K9",M4X 1K9
"556 Sherbourne St, Toronto, ON M4X 1L4",M4X 1L4
"512 Jarvis St, Toronto, ON M4Y 2H6",M4Y 2H6
"95 Wellesley St E, Toronto, ON M4Y 2X9",M4Y 2X9
"351 Lake Shore Blvd E, Toronto, ON M5A 1C1",M5A 1C1
"412 Queen St E, Toronto, ON M5A 1T3",M5A 1T3
"257 Dundas St E, Toronto, ON M5A 1Z8",M5A 1Z8
"386 Dundas St E, Toronto, ON M5A 2A5",M5A 2A5
"355 Gerrard St E, Toronto, ON M5A 2G5",M5A 2G5
"325 Gerrard St E, Toronto, ON M5A 2G6",M5A 2G6
"349 George St, Toronto, ON M5A 2N2",M5A 2N2
"339 George St, Toronto, ON M5A 2N2",M5A 2N2
"354 George St, Scarborough, ON M5A 2N3",M5A 2N3
"354 George St, Toronto, ON M5A 2N3",M5A 2N3
"87 Pembroke St, Toronto, ON M5A 2N9",M5A 2N9
"135 Sherbourne St, Toronto, ON M5A 2R5",M5A 2R5
"291 Sherbourne St, Toronto, ON M5A 2R9",M5A 2R9
"101 Ontario St, Toronto, ON M5A 2V2",M5A 2V2
"295 Sackville St, Toronto, ON M5A 3G1",M5A 3G1
"274 Sackville St, Toronto, ON M5A 3S7",M5A 3S7
"35 Sydenham St, Toronto, ON M5A 4H5",M5A 4H5
"26 Gerrard St E, Toronto, ON M5B 1G3",M5B 1G3
"70 Gerrard St E, Toronto, ON M5B 1G6",M5B 1G6
"21 McGill St, Toronto, ON M5B 1H3",M5B 1H3
"335 Jarvis St, Toronto, ON M5B 2C2",M5B 2C2
"65 Dundas St E, Toronto, ON M5B 2G8",M5B 2G8
"20 Gerrard St E, Toronto, ON M5B 2P3",M5B 2P3
"67 Adelaide St E, Toronto, ON M5C 1K6",M5C 1K6
"76 Church St, Toronto, ON M5C 2G1",M5C 2G1
"107 Jarvis St, Toronto, ON M5C 2H4",M5C 2H4
"98 The Esplanade, Toronto, ON M5E 1A9",M5E 1A9
"56 Yonge St, Toronto, ON M5E 1G5",M5E 1G5
"45 The Esplanade, Toronto, ON M5E 1W2",M5E 1W2
"674 Dundas St W, Toronto, ON M5H 1H9",M5H 1H9
"60 York St, Toronto, ON M5J 1S8",M5J 1S8
"60 York Street, Toronto, ON M5J 1S8",M5J 1S8
"348 Davenport Road, Toronto, ON M5R 1K6",M5R 1K6
"111 Spadina Rd, Toronto, ON M5R 2T1",M5R 2T1
"191 Spadina Rd, Toronto, ON M5R 2T9",M5R 2T9
"21 Walmer Rd, Toronto, ON M5R 2W7",M5R 2W7
"502 Spadina Ave, Toronto, ON M5S 2H1",M5S 2H1
"100 Lippincott St, Toronto, ON M5S 2P1",M5S 2P1
"558 Bathurst St, Toronto, ON M5S 2P9",M5S 2P9
"346 Spadina Ave., Toronto, ON M5T 1J5",M5T 1J5
"58 Cecil St, Toronto, ON M5T 1N6",M5T 1N6
"25 Augusta Ave, Toronto, ON M5T 2K7",M5T 2K7
"70 Denison Ave, Toronto, ON M5T 2M8",M5T 2M8
"77 Ryerson Ave, Toronto, ON M5T 2V4",M5T 2V4
"165 Grange Ave, Toronto, ON M5T 2V5",M5T 2V5
"7 Vanauley St, Toronto, ON M5T 2V9",M5T 2V9
"222 Spadina Ave, Toronto, ON M5T 3B3",M5T 3B3
"545 Lake Shore Blvd W, Toronto, ON M5V 1A3",M5V 1A3
"805A Wellington St W, Toronto, ON M5V 1G8",M5V 1G8
"92 Peter St, Toronto, ON M5V 2G5",M5V 2G5
"129 Peter St, Toronto, ON M5V 2H3",M5V 2H3
"55 John St, Toronto, ON M5V 3C6",M5V 3C6
"60 Brant St, Toronto, ON M5V 3G9",M5V 3G9
"38 Bathurst St, Toronto, ON M5V 3W3",M5V 3W3
"1161 Caledonia Rd, Toronto, ON M6A 2W9",M6A 2W9
"616 Vaughan Rd, Toronto, ON M6C 2R5",M6C 2R5
"422 Gilbert Ave, Toronto, ON M6E 4X3",M6E 4X3
"850 Bloor St W, Toronto, ON M6G 1M2",M6G 1M2
"26 Vaughan Rd, Toronto, ON M6G 2C4",M6G 2C4
"14 Vaughan Rd, Toronto, ON M6G 2N1",M6G 2N1
"43 Christie St, Toronto, ON M6G 3B1",M6G 3B1
"1059 College Street, Toronto, ON M6H 1B1",M6H 1B1
"962 Bloor St W, Toronto, ON M6H 1L6",M6H 1L6
"973 Lansdowne Ave, Toronto, ON M6H 3Z5",M6H 3Z5
"63 Bellwoods Ave, Toronto, ON M6J 3M4",M6J 3M4
"69 Fraser Ave, Toronto, ON M6K 1E9",M6K 1E9
"220 Cowan Ave, Toronto, ON M6K 2N6",M6K 2N6
"1A Strachan Ave, Toronto, ON M6K 3C3",M6K 3C3
"195 Princes' Blvd, Toronto, ON M6K 3C3",M6K 3C3
"731 Runnymede Rd, Toronto, ON M6N 3V7",M6N 3V7
"2808 Dundas St W, Toronto, ON M6P 1Y5",M6P 1Y5
"14 Roncesvalles Ave, Toronto, ON M6R 2K3",M6R 2K3
"60 Newcastle St, Toronto, ON M8Y 1A3",M8Y 1A3
"6 Warrendale Ct, Etobicoke, ON M9V 1P9",M9V 1P9
"2671 Islington Ave, Toronto, ON M9V 2X6",M9V 2X6
"640 Dixon Rd., Toronto, ON M9W 1J1",M9W 1J1
"445 Rexdale Blvd, Etobicoke, ON M9W 6P8",M9W 6P8
